{"audience": "BrickHack Volunteer Female","avg": {"concentration": 0.5046697681326118, "mellowness": 0.35746241559878944}, "data": [[0.0, 0.8871286511421204, 0.49845993518829346], [0.1, 0.8754107356071472, 0.48774558305740356], [0.2, 0.8635643124580383, 0.47737133502960205], [0.3, 0.8517179489135742, 0.4671235978603363], [0.4, 0.8397430777549744, 0.4570024013519287], [0.5, 0.8278213143348694, 0.4570024013519287], [0.6, 0.8160232901573181, 0.4570024013519287], [0.7, 0.804551362991333, 0.4570024013519287], [0.8, 0.7933037281036377, 0.4570024013519287], [0.9, 0.7821198105812073, 0.4570024013519287], [1.0, 0.7708940505981445, 0.4570024013519287], [1.1, 0.7595356702804565, 0.4570024013519287], [1.2, 0.7481773495674133, 0.46802932024002075], [1.3, 0.7368190288543701, 0.4823501706123352], [1.4, 0.7257874011993408, 0.49892738461494446], [1.5, 0.7156034111976624, 0.515627384185791], [1.6, 0.7156034111976624, 0.5323273539543152], [1.7, 0.7156034111976624, 0.5490273833274841], [1.8, 0.7156034111976624, 0.5657273530960083], [1.9, 0.7156034111976624, 0.5824273824691772], [2.0, 0.7156034111976624, 0.5991273522377014], [2.1, 0.7156034111976624, 0.6158273816108704], [2.2, 0.7156034111976624, 0.6325273513793945], [2.3, 0.7156034111976624, 0.6492273807525635], [2.4, 0.7156034111976624, 0.6659273505210876], [2.5, 0.7156034111976624, 0.6826273798942566], [2.6, 0.7267774939537048, 0.6993274092674255], [2.7, 0.738851010799408, 0.7160273790359497], [2.8, 0.7515457272529602, 0.7327274084091187], [2.9, 0.7648215293884277, 0.7494273781776428], [3.0, 0.7778936624526978, 0.7661274075508118], [3.1, 0.790903627872467, 0.7817783951759338], [3.2, 0.8041625022888184, 0.7945313453674316], [3.3, 0.8175653219223022, 0.7945313453674316], [3.4, 0.8314000964164734, 0.7837290167808533], [3.5, 0.8458703756332397, 0.7728317975997925], [3.6, 0.8612591028213501, 0.7617447972297668], [3.7, 0.8775416016578674, 0.7506577968597412], [3.8, 0.8942415714263916, 0.7394531965255737], [3.9, 0.9109416007995605, 0.7282485365867615], [4.0, 0.9276415705680847, 0.7168087363243103], [4.1, 0.9443415999412537, 0.7053689360618591], [4.2, 0.9610415697097778, 0.6939290761947632], [4.3, 0.9777415990829468, 0.682489275932312], [4.4, 0.994441568851471, 0.6710494756698608], [4.5, 0.978148877620697, 0.6543494462966919], [4.6, 0.9616525769233704, 0.6376494765281677], [4.7, 0.9449525475502014, 0.6209494471549988], [4.8, 0.9282525777816772, 0.6044813990592957], [4.9, 0.9115525484085083, 0.5883612632751465], [5.0, 0.8951219320297241, 0.5725890398025513], [5.1, 0.8788259625434875, 0.5573915839195251], [5.2, 0.8629339933395386, 0.5425611734390259], [5.3, 0.8476449251174927, 0.5281895399093628], [5.4, 0.8333067297935486, 0.5140931606292725], [5.5, 0.8199145197868347, 0.4999968111515045], [5.6, 0.8071990013122559, 0.4860105514526367], [5.7, 0.7950911521911621, 0.471931517124176], [5.8, 0.7833216786384583, 0.45785248279571533], [5.9, 0.7718905210494995, 0.4436882734298706], [6.0, 0.760989785194397, 0.4295240640640259], [6.1, 0.7505664825439453, 0.41527214646339417], [6.2, 0.7505664825439453, 0.4006379544734955], [6.3, 0.7505664825439453, 0.38556957244873047], [6.4, 0.7505664825439453, 0.37050116062164307], [6.5, 0.7505664825439453, 0.35543277859687805], [6.6, 0.7505664825439453, 0.3404819965362549], [6.7, 0.7505664825439453, 0.32564881443977356], [6.8, 0.7505664825439453, 0.31081563234329224], [6.9, 0.7505664825439453, 0.2961216866970062], [7.0, 0.7400593757629395, 0.2816629409790039], [7.1, 0.7289260625839233, 0.2677896022796631], [7.2, 0.7170968651771545, 0.2540920078754425], [7.3, 0.7051061391830444, 0.2402961701154709], [7.4, 0.6929738521575928, 0.22622746229171753], [7.5, 0.6806328296661377, 0.21184301376342773], [7.6, 0.6680502891540527, 0.1971217542886734], [7.7, 0.6548270583152771, 0.1819724589586258], [7.8, 0.6409631371498108, 0.16650508344173431], [7.9, 0.626314640045166, 0.15072199702262878], [8.0, 0.611254870891571, 0.13461843132972717], [8.1, 0.5958371758460999, 0.11827629059553146], [8.2, 0.5802107453346252, 0.10169557482004166], [8.3, 0.5645843148231506, 0.08511485904455185], [8.4, 0.5498769283294678, 0.06841485947370529], [8.5, 0.5362322926521301, 0.051714859902858734], [8.6, 0.52349853515625, 0.035014860332012177], [8.7, 0.5112202167510986, 0.01947997696697712], [8.8, 0.4983726143836975, 0.004430558532476425], [8.9, 0.48501259088516235, 0.0], [9.0, 0.4711971580982208, 0.0], [9.1, 0.45692622661590576, 0.0], [9.2, 0.4421998858451843, 0.0], [9.3, 0.42716988921165466, 0.0], [9.4, 0.41170692443847656, 0.0], [9.5, 0.39624395966529846, 0.0], [9.6, 0.38078099489212036, 0.0], [9.7, 0.36531803011894226, 0.0], [9.8, 0.3500096797943115, 0.0], [9.9, 0.3345467150211334, 0.0], [10.0, 0.31894955039024353, 0.0], [10.1, 0.3031948506832123, 0.0], [10.2, 0.2875976860523224, 0.0], [10.3, 0.2730601131916046, 0.0], [10.4, 0.2596018612384796, 0.0], [10.5, 0.2471696436405182, 0.0], [10.6, 0.23543599247932434, 0.0], [10.7, 0.2241407185792923, 0.0], [10.8, 0.2132771909236908, 0.0], [10.9, 0.2032192498445511, 0.0], [11.0, 0.2032192498445511, 0.0], [11.1, 0.2032192498445511, 0.0], [11.2, 0.2032192498445511, 0.0], [11.3, 0.2032192498445511, 0.0], [11.4, 0.2032192498445511, 0.0], [11.5, 0.2032192498445511, 0.0], [11.6, 0.2032192498445511, 0.0], [11.7, 0.2032192498445511, 0.0], [11.8, 0.2032192498445511, 0.0], [11.9, 0.2032192498445511, 0.0], [12.0, 0.2032192498445511, 0.0], [12.1, 0.2032192498445511, 0.0], [12.2, 0.2032192498445511, 0.01023537665605545], [12.3, 0.2134513109922409, 0.024000775068998337], [12.4, 0.22426654398441315, 0.04011274874210358], [12.5, 0.23544061183929443, 0.056812748312950134], [12.6, 0.24642911553382874, 0.07351274788379669], [12.7, 0.25702840089797974, 0.09021274745464325], [12.8, 0.25702840089797974, 0.10691274702548981], [12.9, 0.25702840089797974, 0.12361274659633636], [13.0, 0.25702840089797974, 0.14031274616718292], [13.1, 0.2676095962524414, 0.15701274573802948], [13.2, 0.278681218624115, 0.17371274530887604], [13.3, 0.29006242752075195, 0.1904127448797226], [13.4, 0.30161163210868835, 0.20711274445056915], [13.5, 0.31316086649894714, 0.2238127440214157], [13.6, 0.3241129517555237, 0.24051274359226227], [13.7, 0.3241129517555237, 0.25721275806427], [13.8, 0.3241129517555237, 0.2739127576351166], [13.9, 0.31233349442481995, 0.29049989581108093], [14.0, 0.2974923551082611, 0.30597057938575745], [14.1, 0.281627357006073, 0.3193034827709198], [14.2, 0.26621195673942566, 0.32960784435272217], [14.3, 0.2516529858112335, 0.32960784435272217], [14.4, 0.2381645292043686, 0.3129078447818756], [14.5, 0.22489017248153687, 0.29620784521102905], [14.6, 0.21182991564273834, 0.2795078456401825], [14.7, 0.19876965880393982, 0.26368677616119385], [14.8, 0.1859235018491745, 0.24841508269309998], [14.9, 0.17433519661426544, 0.23347297310829163], [15.0, 0.16400475800037384, 0.21875061094760895], [15.1, 0.16400475800037384, 0.20424796640872955], [15.2, 0.16400475800037384, 0.1901848167181015], [15.3, 0.16400475800037384, 0.1762315183877945], [15.4, 0.16400475800037384, 0.16227823495864868], [15.5, 0.16400475800037384, 0.14832495152950287], [15.6, 0.16400475800037384, 0.13437165319919586], [15.7, 0.16400475800037384, 0.12030849605798721], [15.8, 0.16400475800037384, 0.10634474456310272], [15.9, 0.16400475800037384, 0.09307682514190674], [16.0, 0.16400475800037384, 0.08053196966648102], [16.1, 0.16400475800037384, 0.06850866228342056], [16.2, 0.16400475800037384, 0.05669581890106201], [16.3, 0.16400475800037384, 0.04477310925722122], [16.4, 0.16400475800037384, 0.03253006190061569], [16.5, 0.16400475800037384, 0.019847538322210312], [16.6, 0.16400475800037384, 0.00672554224729538], [16.7, 0.16400475800037384, 0.0], [16.8, 0.16400475800037384, 0.0], [16.9, 0.16400475800037384, 0.0], [17.0, 0.16400475800037384, 0.0], [17.1, 0.1743030846118927, 0.0], [17.2, 0.1857737898826599, 0.0], [17.3, 0.19827771186828613, 0.0], [17.4, 0.2116672247648239, 0.0], [17.5, 0.2257104068994522, 0.0], [17.6, 0.24040965735912323, 0.0], [17.7, 