{"audience": "BrickHack Volunteer Male","avg": {"concentration": 0.7517167798012535, "mellowness": 0.4291845208594743}, "data": [[0.0, 0.616487443447113, 0.5909501910209656], [0.1, 0.5997874736785889, 0.6018023490905762], [0.2, 0.5830874443054199, 0.6125198006629944], [0.3, 0.5663874745368958, 0.6230863928794861], [0.4, 0.5496874451637268, 0.6335064768791199], [0.5, 0.5329874753952026, 0.6439265608787537], [0.6, 0.5162874460220337, 0.6544138193130493], [0.7, 0.49958744645118713, 0.6652588248252869], [0.8, 0.4828874468803406, 0.6761518120765686], [0.9, 0.466187447309494, 0.6761518120765686], [1.0, 0.44948744773864746, 0.6761518120765686], [1.1, 0.4329911172389984, 0.6761518120765686], [1.2, 0.4166724383831024, 0.6761518120765686], [1.3, 0.4005314111709595, 0.6660687923431396], [1.4, 0.38456806540489197, 0.6660687923431396], [1.5, 0.3686162829399109, 0.6660687923431396], [1.6, 0.3526645004749298, 0.6660687923431396], [1.7, 0.3365311920642853, 0.6660687923431396], [1.8, 0.32103100419044495, 0.677022397518158], [1.9, 0.30534932017326355, 0.6878916025161743], [2.0, 0.28948432207107544, 0.6987608075141907], [2.1, 0.2734105587005615, 0.7099083065986633], [2.2, 0.25713875889778137, 0.7214939594268799], [2.3, 0.24086697399616241, 0.7330448031425476], [2.4, 0.22459517419338226, 0.7442477345466614], [2.5, 0.2083233743906021, 0.7547547817230225], [2.6, 0.19205158948898315, 0.7547547817230225], [2.7, 0.175779789686203, 0.7547547817230225], [2.8, 0.15950798988342285, 0.7652559876441956], [2.9, 0.1432362049818039, 0.776857852935791], [3.0, 0.12719541788101196, 0.7883214354515076], [3.1, 0.11115462332963943, 0.7990773320198059], [3.2, 0.09489409625530243, 0.7990773320198059], [3.3, 0.07835467159748077, 0.7990773320198059], [3.4, 0.06197582557797432, 0.7990773320198059], [3.5, 0.045757558196783066, 0.7990773320198059], [3.6, 0.029699863865971565, 0.7990773320198059], [3.7, 0.013963325880467892, 0.7990773320198059], [3.8, 0.0, 0.7990773320198059], [3.9, 0.0, 0.7990773320198059], [4.0, 0.0, 0.7990773320198059], [4.1, 0.0, 0.7990773320198059], [4.2, 0.0, 0.7990773320198059], [4.3, 0.0, 0.7990773320198059], [4.4, 0.0, 0.7990773320198059], [4.5, 0.0, 0.7990773320198059], [4.6, 0.0, 0.7990773320198059], [4.7, 0.0, 0.7990773320198059], [4.8, 0.0, 0.7990773320198059], [4.9, 0.0, 0.7990773320198059], [5.0, 0.0, 0.7990773320198059], [5.1, 0.0, 0.7990773320198059], [5.2, 0.0, 0.7990773320198059], [5.3, 0.0, 0.7990773320198059], [5.4, 0.0, 0.7888717651367188], [5.5, 0.0, 0.7775529026985168], [5.6, 0.0, 0.7638217806816101], [5.7, 0.0, 0.7476233839988708], [5.8, 0.0, 0.7318366169929504], [5.9, 0.0, 0.7164413332939148], [6.0, 0.0, 0.7010460495948792], [6.1, 0.0, 0.6870247721672058], [6.2, 0.0, 0.6743776798248291], [6.3, 0.0, 0.6631406545639038], [6.4, 0.0, 0.6529002785682678], [6.5, 0.0, 0.6529002785682678], [6.6, 0.0, 0.6529002785682678], [6.7, 0.0, 0.6529002785682678], [6.8, 0.0, 0.6529002785682678], [6.9, 0.0, 0.6529002785682678], [7.0, 0.010502444580197334, 0.6529002785682678], [7.1, 0.021737832576036453, 0.6529002785682678], [7.2, 0.03366640582680702, 0.6529002785682678], [7.3, 0.04634477198123932, 0.6529002785682678], [7.4, 0.0596025288105011, 0.6529002785682678], [7.5, 0.07343967258930206, 0.6529002785682678], [7.6, 0.08809477090835571, 0.663379967212677], [7.7, 0.1029202789068222, 0.6746187210083008], [7.8, 0.11808660626411438, 0.686569094657898], [7.9, 0.1334233433008194, 0.6982429027557373], [8.0, 0.14893049001693726, 0.7084733247756958], [8.1, 0.16443762183189392, 0.7084733247756958], [8.2, 0.1800938844680786, 0.7084733247756958], [8.3, 0.19557617604732513, 0.7084733247756958], [8.4, 0.21088451147079468, 0.7084733247756958], [8.5, 0.22601887583732605, 0.7084733247756958], [8.6, 0.24115325510501862, 0.7084733247756958], [8.7, 0.2562876343727112, 0.7084733247756958], [8.8, 0.27142199873924255, 0.7084733247756958], [8.9, 0.28638240694999695, 0.7084733247756958], [9.0, 0.30134284496307373, 0.7084733247756958], [9.1, 0.3163032531738281, 0.7084733247756958], [9.2, 0.3312636613845825, 0.7084733247756958], [9.3, 0.3462240993976593, 0.7084733247756958], [9.4, 0.3611845076084137, 0.7084733247756958], [9.5, 0.3761449158191681, 0.7084733247756958], [9.6, 0.3911053240299225, 0.7084733247756958], [9.7, 0.40606576204299927, 0.7084733247756958], [9.8, 0.42102617025375366, 0.7084733247756958], [9.9, 0.4365084767341614, 0.7084733247756958], [10.0, 0.45233866572380066, 0.7084733247756958], [10.1, 0.46816888451576233, 0.7084733247756958], [10.2, 0.48382511734962463, 0.7084733247756958], [10.3, 0.49913346767425537, 0.7084733247756958], [10.4, 0.5142678618431091, 0.7084733247756958], [10.5, 0.5294021964073181, 0.7084733247756958], [10.6, 0.5445365905761719, 0.7084733247756958], [10.7, 0.5600188970565796, 0.7084733247756958], [10.8, 0.5758491158485413, 0.7084733247756958], [10.9, 0.5922011733055115, 0.7084733247756958], [11.0, 0.6089011430740356, 0.7084733247756958], [11.1, 0.6256011724472046, 0.7084733247756958], [11.2, 0.6423011422157288, 0.7084733247756958], [11.3, 0.6590011715888977, 0.7084733247756958], [11.4, 0.6757011413574219, 0.7084733247756958], [11.5, 0.6924011707305908, 0.7084733247756958], [11.6, 0.7091012001037598, 0.7084733247756958], [11.7, 0.7258011698722839, 0.7084733247756958], [11.8, 0.7425011992454529, 0.7084733247756958], [11.9, 0.759201169013977, 0.7084733247756958], [12.0, 0.775901198387146, 0.7084733247756958], [12.1, 0.7926011681556702, 0.7084733247756958], [12.2, 0.8093011975288391, 0.7084733247756958], [12.3, 0.8260011672973633, 0.7084733247756958], [12.4, 0.8427011966705322, 0.7084733247756958], [12.5, 0.8591029644012451, 0.7084733247756958], [12.6, 0.8752065300941467, 0.7084733247756958], [12.7, 0.8911609649658203, 0.7084733247756958], [12.8, 0.9069663286209106, 0.7084733247756958], [12.9, 0.922771692276001, 0.7188679575920105], [13.0, 0.9387261867523193, 0.730333149433136], [13.1, 0.954829752445221, 0.7430830001831055], [13.2, 0.9712260961532593, 0.7575455904006958], [13.3, 0.9879261255264282, 0.7724364399909973], [13.4, 1.0, 0.7873272895812988], [13.5, 1.0, 0.8022180795669556], [13.6, 1.0, 0.8171089291572571], [13.7, 1.0, 0.8319997787475586], [13.8, 1.0, 0.8486997485160828], [13.9, 1.0, 0.8653997778892517], [14.0, 1.0, 0.8820997476577759], [14.1, 1.0, 0.8987997770309448], [14.2, 1.0, 0.915499746799469], [14.3, 1.0, 0.9321997761726379], [14.4, 1.0, 0.9488997459411621], [14.5, 1.0, 0.965599775314331], [14.6, 1.0, 0.9822997450828552], [14.7, 1.0, 0.9989997744560242], [14.8, 1.0, 1.0], [14.9, 1.0, 1.0], [15.0, 1.0, 1.0], [15.1, 1.0, 1.0], [15.2, 1.0, 1.0], [15.3, 1.0, 1.0], [15.4, 1.0, 1.0], [15.5, 1.0, 1.0], [15.6, 1.0, 1.0], [15.7, 1.0, 0.989899218082428], [15.8, 1.0, 0.9795268774032593], [15.9, 1.0, 0.9686180353164673], [16.0, 1.0, 0.9573051333427429], [16.1, 1.0, 0.9461290836334229], [16.2, 1.0, 0.9343569874763489], [16.3, 1.0, 0.9224479794502258], [16.4, 1.0, 0.910538911819458], [16.5, 1.0, 0.898629903793335], [16.6, 1.0, 0.8865224123001099], [16.7, 1.0, 0.873785138130188], [16.8, 1.0, 0.8601986765861511], [16.9, 1.0, 0.8454800248146057], [17.0, 1.0, 0.829211950302124], [17.1, 1.0, 0.8125119209289551], [17.2, 1.0, 0.7958119511604309], [17.3, 1.0, 0.779111921787262], [17.4, 1.0, 0.7624119520187378], [17.5, 1.0, 0.7457119226455688], [17.6, 1.0, 0.7290119528770447], [17.7, 1.0, 0.7123119235038757], [17.8, 1.0, 0.6956119537353516], [17.9, 1.0, 0.6789119243621826], [18.0, 1.0, 0.6622119545936584], [18.1, 1.0, 0.6455119252204895], [18.2, 1.0, 0.6288119554519653], [18.3, 1.0, 0.6121119260787964], [18.4, 1.0, 0.5954119563102722], [18.5, 1.0, 0.5787119269371033], [18.6, 1.0, 0.5620119571685791], [18.7, 1.0, 0.5453119277954102], [18.8, 1.0, 0.528611958026886], [18.9, 1.0, 0.511911928653717], [19.0, 1.0, 0.49534663558006287], [19.1, 1.0, 0.4793200194835663], [19.2, 1.0, 0.46464017033576965], [19.3, 1.0, 0.4523845314979553], [19.4, 1.0, 0.44147565960884094], [19.5, 1.0, 0.43124017119407654], [19.6, 1.0, 0.42113935947418213], [19.7, 1.0, 0.4110385477542877], [19.8, 1.0, 