{"avg": {"concentration": 0.8825495894726789, "mellowness": 0.15579374285642894}, "data": [[0.0, 0.7877623438835144, 0.020961733534932137], [0.1, 0.7877623438835144, 0.03258928284049034], [0.2, 0.7877623438835144, 0.04503902792930603], [0.3, 0.7877623438835144, 0.05837209150195122], [0.4, 0.7877623438835144, 0.07224386930465698], [0.5, 0.7877623438835144, 0.08651967346668243], [0.6, 0.7877623438835144, 0.10093015432357788], [0.7, 0.7877623438835144, 0.1154399886727333], [0.8, 0.7877623438835144, 0.12994982302188873], [0.9, 0.7877623438835144, 0.14456233382225037], [1.0, 0.7776201963424683, 0.15913943946361542], [1.1, 0.7667612433433533, 0.17367996275424957], [1.2, 0.7551853656768799, 0.1883290857076645], [1.3, 0.7428926825523376, 0.2029782086610794], [1.4, 0.7303544282913208, 0.2174808382987976], [1.5, 0.717433750629425, 0.2318369746208191], [1.6, 0.7047586441040039, 0.2456071525812149], [1.7, 0.6929084062576294, 0.25924044847488403], [1.8, 0.682112455368042, 0.2731955349445343], [1.9, 0.682112455368042, 0.2867046594619751], [2.0, 0.682112455368042, 0.29867297410964966], [2.1, 0.6923180222511292, 0.3088023364543915], [2.2, 0.7029874324798584, 0.3088023364543915], [2.3, 0.7143527269363403, 0.3088023364543915], [2.4, 0.7266321182250977, 0.3088023364543915], [2.5, 0.739893913269043, 0.3088023364543915], [2.6, 0.7536468505859375, 0.3088023364543915], [2.7, 0.767890989780426, 0.3088023364543915], [2.8, 0.7821350693702698, 0.3088023364543915], [2.9, 0.7963047623634338, 0.3088023364543915], [3.0, 0.8102214336395264, 0.3088023364543915], [3.1, 0.8241381049156189, 0.3088023364543915], [3.2, 0.8380880951881409, 0.3088023364543915], [3.3, 0.8514121174812317, 0.3088023364543915], [3.4, 0.8635663390159607, 0.3088023364543915], [3.5, 0.8746629953384399, 0.3088023364543915], [3.6, 0.8746629953384399, 0.29806408286094666], [3.7, 0.8746629953384399, 0.28547734022140503], [3.8, 0.8642392754554749, 0.27182766795158386], [3.9, 0.8520190715789795, 0.2578226923942566], [4.0, 0.8385512828826904, 0.24381768703460693], [4.1, 0.8245448470115662, 0.22981269657611847], [4.2, 0.810219407081604, 0.21580770611763], [4.3, 0.7961137294769287, 0.20180270075798035], [4.4, 0.7831067442893982, 0.18854448199272156], [4.5, 0.7712480425834656, 0.17599689960479736], [4.6, 0.7712480425834656, 0.16382868587970734], [4.7, 0.7712480425834656, 0.1517355740070343], [4.8, 0.7821505069732666, 0.13939210772514343], [4.9, 0.794531524181366, 0.1269598752260208], [5.0, 0.8074884414672852, 0.11452765762805939], [5.1, 0.8213091492652893, 0.10190987586975098], [5.2, 0.8357056975364685, 0.09128260612487793], [5.3, 0.8509660363197327, 0.09128260612487793], [5.4, 0.8665143251419067, 0.09128260612487793], [5.5, 0.882350504398346, 0.10136322677135468], [5.6, 0.8984540700912476, 0.11294958740472794], [5.7, 0.9148558974266052, 0.12576791644096375], [5.8, 0.9315558671951294, 0.13940754532814026], [5.9, 0.9482558965682983, 0.15332095324993134], [6.0, 0.9649558663368225, 0.1672343611717224], [6.1, 0.9812383651733398, 0.1811477690935135], [6.2, 0.9968945980072021, 0.19525028765201569], [6.3, 1.0, 0.20934262871742249], [6.4, 1.0, 0.22360186278820038], [6.5, 1.0, 0.23764698207378387], [6.6, 1.0, 0.2518312931060791], [6.7, 1.0, 0.26580145955085754], [6.8, 1.0, 0.27891525626182556], [6.9, 1.0, 0.2911726236343384], [7.0, 1.0, 0.3025735914707184], [7.1, 1.0, 0.3126545548439026], [7.2, 1.0, 0.3126545548439026], [7.3, 1.0, 0.3126545548439026], [7.4, 1.0, 0.3126545548439026], [7.5, 1.0, 0.30140310525894165], [7.6, 1.0, 0.2895720899105072], [7.7, 1.0, 0.2775970995426178], [7.8, 1.0, 0.265836238861084], [7.9, 1.0, 0.2541455030441284], [8.0, 1.0, 0.24276424944400787], [8.1, 1.0, 0.23186755180358887], [8.2, 1.0, 0.22073422372341156], [8.3, 1.0, 0.21002909541130066], [8.4, 1.0, 0.21002909541130066], [8.5, 1.0, 0.21002909541130066], [8.6, 1.0, 0.21002909541130066], [8.7, 1.0, 0.21002909541130066], [8.8, 1.0, 0.21002909541130066], [8.9, 1.0, 0.21002909541130066], [9.0, 1.0, 0.21002909541130066], [9.1, 1.0, 0.21002909541130066], [9.2, 1.0, 0.21002909541130066], [9.3, 1.0, 0.21002909541130066], [9.4, 1.0, 0.21002909541130066], [9.5, 1.0, 0.21002909541130066], [9.6, 1.0, 0.21002909541130066], [9.7, 1.0, 0.21002909541130066], [9.8, 1.0, 0.21002909541130066], [9.9, 1.0, 0.21002909541130066], [10.0, 1.0, 0.21002909541130066], [10.1, 1.0, 0.1997014582157135], [10.2, 1.0, 0.1881919950246811], [10.3, 1.0, 0.17535355687141418], [10.4, 1.0, 0.16247214376926422], [10.5, 1.0, 0.1517256796360016], [10.6, 1.0, 0.14137683808803558], [10.7, 1.0, 0.14137683808803558], [10.8, 1.0, 0.14137683808803558], [10.9, 1.0, 0.14137683808803558], [11.0, 1.0, 0.14137683808803558], [11.1, 1.0, 0.14137683808803558], [11.2, 1.0, 0.14137683808803558], [11.3, 1.0, 0.14137683808803558], [11.4, 1.0, 0.14137683808803558], [11.5, 1.0, 0.14137683808803558], [11.6, 1.0, 0.14137683808803558], [11.7, 1.0, 0.14137683808803558], [11.8, 1.0, 0.14137683808803558], [11.9, 1.0, 0.14137683808803558], [12.0, 1.0, 0.14137683808803558], [12.1, 1.0, 0.14137683808803558], [12.2, 1.0, 0.14137683808803558], [12.3, 1.0, 0.14137683808803558], [12.4, 1.0, 0.14137683808803558], [12.5, 1.0, 0.14137683808803558], [12.6, 1.0, 0.14137683808803558], [12.7, 1.0, 0.14137683808803558], [12.8, 1.0, 0.14137683808803558], [12.9, 1.0, 0.14137683808803558], [13.0, 1.0, 0.14137683808803558], [13.1, 1.0, 0.14137683808803558], [13.2, 1.0, 0.14137683808803558], [13.3, 1.0, 0.14137683808803558], [13.4, 1.0, 0.14137683808803558], [13.5, 1.0, 0.14137683808803558], [13.6, 1.0, 0.14137683808803558], [13.7, 1.0, 0.14137683808803558], [13.8, 1.0, 0.13085457682609558], [13.9, 1.0, 0.11908505856990814], [14.0, 1.0, 0.1050219014286995], [14.1, 1.0, 0.09095873683691025], [14.2, 1.0, 0.07699146866798401], [14.3, 1.0, 0.06317601352930069], [14.4, 1.0, 0.04951237514615059], [14.5, 1.0, 0.036000557243824005], [14.6, 1.0, 0.022336922585964203], [14.7, 1.0, 0.008673286065459251], [14.8, 1.0, 0.0], [14.9, 1.0, 0.0], [15.0, 1.0, 0.0], [15.1, 1.0, 0.0], [15.2, 1.0, 0.0], [15.3, 1.0, 0.0], [15.4, 1.0, 0.0], [15.5, 1.0, 0.0], [15.6, 0.9897211790084839, 0.0], [15.7, 0.9786041378974915, 0.0], [15.8, 0.9667383432388306, 0.0], [15.9, 0.9542133808135986, 0.0], [16.0, 0.9413498640060425, 0.0], [16.1, 0.9284863471984863, 0.0], [16.2, 0.9156228303909302, 0.0], [16.3, 0.9032106399536133, 0.0], [16.4, 0.8918683528900146, 0.0], [16.5, 0.8812866806983948, 0.0], [16.6, 0.8812866806983948, 0.0], [16.7, 0.8812866806983948, 0.0], [16.8, 0.8812866806983948, 0.0128009133040905], [16.9, 0.8812866806983948, 0.027162913233041763], [17.0, 0.8913167119026184, 0.04147719964385033], [17.1, 0.9018816947937012, 0.05579148605465889], [17.2, 0.9135165214538574, 0.07010576874017715], [17.3, 0.9262211918830872, 0.08442005515098572], [17.4, 0.9399957656860352, 0.09873434156179428], [17.5, 0.9548402428627014, 0.11304862797260284], [17.6, 0.9703031778335571, 0.12719251215457916], [17.7, 0.9860754013061523, 0.1413363814353943], [17.8, 1.0, 0.1558210700750351], [17.9, 1.0, 0.1703057736158371], [18.0, 1.0, 0.1847904622554779], [18.1, 1.0, 0.1992751508951187], [18.2, 1.0, 0.21375985443592072], [18.3, 1.0, 0.22807413339614868], [18.4, 1.0, 0.242218017578125], [18.5, 1.0, 0.25568026304244995], [18.6, 1.0, 0.26773276925086975], [18.7, 1.0, 0.26773276925086975], [18.8, 1.0, 0.26773276925086975], [18.9, 1.0, 0.25762322545051575], [19.0, 1.0, 0.24628899991512299], [19.1, 1.0, 0.2338414490222931], [19.2, 1.0, 0.2207670360803604], [19.3, 1.0, 0.20649060606956482], [19.4, 1.0, 0.1906295269727707], [19.5, 1.0, 0.17429256439208984], [19.6, 1.0, 0.15840695798397064], [19.7, 1.0, 0.1427225023508072], [19.8, 1.0, 0.12728072702884674], [19.9, 1.0, 0.11206770688295364], [20.0, 1.0, 0.09714303910732269], [20.1, 1.0, 0.08293270319700241], [20.2, 1.0, 0.0694781169295311], [20.3, 1.0, 0.05655651539564133], [20.4, 1.0, 0.04470086470246315], [20.5, 1.0, 0.03302287682890892], [20.6, 1.0, 0.021107174456119537], [20.7, 1.0, 0.008830168284475803], [20.8, 1.0, 0.0], [20.9, 1.0, 0.0], [21.0, 