{"audience": "BrickHack Volunteer Female","avg": {"concentration": 0.3250235614311764, "mellowness": 0.6375220487873455}, "data": [[0.0, 1.0, 0.8564808964729309], [0.1, 1.0, 0.8564808964729309], [0.2, 1.0, 0.8685988783836365], [0.3, 1.0, 0.8822835683822632], [0.4, 1.0, 0.8965481519699097], [0.5, 1.0, 0.9109287261962891], [0.6, 1.0, 0.9253093004226685], [0.7, 1.0, 0.9396898150444031], [0.8, 1.0, 0.9541553258895874], [0.9, 1.0, 0.9687384366989136], [1.0, 1.0, 0.9834391474723816], [1.1, 1.0, 0.9981398582458496], [1.2, 1.0, 1.0], [1.3, 1.0, 1.0], [1.4, 1.0, 1.0], [1.5, 1.0, 1.0], [1.6, 1.0, 1.0], [1.7, 1.0, 1.0], [1.8, 1.0, 1.0], [1.9, 1.0, 1.0], [2.0, 1.0, 1.0], [2.1, 0.9895705580711365, 1.0], [2.2, 0.9788023829460144, 1.0], [2.3, 0.9678648710250854, 1.0], [2.4, 0.9567579030990601, 1.0], [2.5, 0.9455581903457642, 1.0], [2.6, 0.9344350695610046, 1.0], [2.7, 0.9233885407447815, 1.0], [2.8, 0.91251140832901, 1.0], [2.9, 0.9016873240470886, 1.0], [3.0, 0.8909614086151123, 1.0], [3.1, 0.8803293108940125, 1.0], [3.2, 0.8697137236595154, 1.0], [3.3, 0.8593068718910217, 1.0], [3.4, 0.849033534526825, 1.0], [3.5, 0.849033534526825, 1.0], [3.6, 0.849033534526825, 1.0], [3.7, 0.849033534526825, 1.0], [3.8, 0.849033534526825, 1.0], [3.9, 0.849033534526825, 1.0], [4.0, 0.849033534526825, 1.0], [4.1, 0.849033534526825, 1.0], [4.2, 0.849033534526825, 1.0], [4.3, 0.849033534526825, 1.0], [4.4, 0.849033534526825, 1.0], [4.5, 0.849033534526825, 1.0], [4.6, 0.849033534526825, 1.0], [4.7, 0.849033534526825, 1.0], [4.8, 0.849033534526825, 1.0], [4.9, 0.849033534526825, 1.0], [5.0, 0.849033534526825, 1.0], [5.1, 0.849033534526825, 1.0], [5.2, 0.849033534526825, 1.0], [5.3, 0.849033534526825, 1.0], [5.4, 0.849033534526825, 1.0], [5.5, 0.849033534526825, 1.0], [5.6, 0.849033534526825, 1.0], [5.7, 0.849033534526825, 1.0], [5.8, 0.849033534526825, 1.0], [5.9, 0.849033534526825, 1.0], [6.0, 0.849033534526825, 0.9899752140045166], [6.1, 0.849033534526825, 0.9777070879936218], [6.2, 0.849033534526825, 0.9647347927093506], [6.3, 0.849033534526825, 0.9517624378204346], [6.4, 0.849033534526825, 0.9387901425361633], [6.5, 0.849033534526825, 0.925519585609436], [6.6, 0.8389841318130493, 0.9116526246070862], [6.7, 0.8289347290992737, 0.8964707851409912], [6.8, 0.818885326385498, 0.8805298805236816], [6.9, 0.818885326385498, 0.8638299107551575], [7.0, 0.818885326385498, 0.8471298813819885], [7.1, 0.818885326385498, 0.8304299116134644], [7.2, 0.818885326385498, 0.8137298822402954], [7.3, 0.8086809515953064, 0.7970299124717712], [7.4, 0.7981277704238892, 0.7803298830986023], [7.5, 0.7875745892524719, 0.7636299133300781], [7.6, 0.7770214080810547, 0.7469298839569092], [7.7, 0.7664682269096375, 0.730229914188385], [7.8, 0.7559150457382202, 0.7135298848152161], [7.9, 0.7559150457382202, 0.730229914188385], [8.0, 0.7559150457382202, 0.7469298839569092], [8.1, 0.7559150457382202, 0.7636299133300781], [8.2, 0.7559150457382202, 0.7803298830986023], [8.3, 0.7559150457382202, 0.7970299124717712], [8.4, 0.7559150457382202, 0.8137298822402954], [8.5, 0.7559150457382202, 0.8304299116134644], [8.6, 0.7559150457382202, 0.8471298813819885], [8.7, 0.7559150457382202, 0.8638299107551575], [8.8, 0.7559150457382202, 0.8805298805236816], [8.9, 0.7559150457382202, 0.8972299098968506], [9.0, 0.7559150457382202, 0.9139298796653748], [9.1, 0.7559150457382202, 0.9306299090385437], [9.2, 0.7559150457382202, 0.9473298788070679], [9.3, 0.7559150457382202, 0.9637386202812195], [9.4, 0.7559150457382202, 0.9788851141929626], [9.5, 0.7559150457382202, 0.9934911131858826], [9.6, 0.7559150457382202, 1.0], [9.7, 0.7457711100578308, 1.0], [9.8, 0.7350713610649109, 1.0], [9.9, 0.7238869667053223, 1.0], [10.0, 0.7124466896057129, 1.0], [10.1, 0.7015453577041626, 1.0], [10.2, 0.6912702322006226, 1.0], [10.3, 0.6912702322006226, 1.0], [10.4, 0.6912702322006226, 1.0], [10.5, 0.6912702322006226, 1.0], [10.6, 0.6912702322006226, 1.0], [10.7, 0.6912702322006226, 1.0], [10.8, 0.6912702322006226, 1.0], [10.9, 0.6912702322006226, 1.0], [11.0, 0.6912702322006226, 1.0], [11.1, 0.6912702322006226, 1.0], [11.2, 0.6912702322006226, 1.0], [11.3, 0.6912702322006226, 1.0], [11.4, 0.6912702322006226, 1.0], [11.5, 0.6912702322006226, 1.0], [11.6, 0.6912702322006226, 1.0], [11.7, 0.6912702322006226, 1.0], [11.8, 0.6912702322006226, 1.0], [11.9, 0.6912702322006226, 1.0], [12.0, 0.6912702322006226, 1.0], [12.1, 0.6912702322006226, 1.0], [12.2, 0.6912702322006226, 1.0], [12.3, 0.6912702322006226, 1.0], [12.4, 0.6810658574104309, 1.0], [12.5, 0.6707747578620911, 1.0], [12.6, 0.6602451205253601, 1.0], [12.7, 0.6495093703269958, 1.0], [12.8, 0.6385025382041931, 1.0], [12.9, 0.6273764371871948, 1.0], [13.0, 0.616131067276001, 1.0], [13.1, 0.6046145558357239, 1.0], [13.2, 0.5928269624710083, 0.9878394603729248], [13.3, 0.5807682871818542, 0.9743750691413879], [13.4, 0.5684643983840942, 0.9609106779098511], [13.5, 0.5557119846343994, 0.947446346282959], [13.6, 0.5426031351089478, 0.933917224407196], [13.7, 0.5289336442947388, 0.9204287528991699], [13.8, 0.5147144198417664, 0.9068735837936401], [13.9, 0.5000554919242859, 0.8933183550834656], [14.0, 0.4849420487880707, 0.8797631859779358], [14.1, 0.46950751543045044, 0.8661394715309143], [14.2, 0.45378774404525757, 0.8525158166885376], [14.3, 0.4376581609249115, 0.8387822508811951], [14.4, 0.42111873626708984, 0.8258242607116699], [14.5, 0.4044187366962433, 0.8135190010070801], [14.6, 0.38771873712539673, 0.8023059368133545], [14.7, 0.3711433410644531, 0.8023059368133545], [14.8, 0.355381578207016, 0.8023059368133545], [14.9, 0.34046632051467896, 0.8023059368133545], [15.0, 0.3263975977897644, 0.8023059368133545], [15.1, 0.31289321184158325, 0.8023059368133545], [15.2, 0.29982855916023254, 0.8023059368133545], [15.3, 0.287200927734375, 0.8023059368133545], [15.4, 0.27518683671951294, 0.8023059368133545], [15.5, 0.26371291279792786, 0.8023059368133545], [15.6, 0.2528131306171417, 0.8023059368133545], [15.7, 0.24245348572731018, 0.8023059368133545], [15.8, 0.2323809415102005, 0.8023059368133545], [15.9, 0.2323809415102005, 0.8023059368133545], [16.0, 0.2323809415102005, 0.8023059368133545], [16.1, 0.2323809415102005, 0.8023059368133545], [16.2, 0.22229669988155365, 0.8023059368133545], [16.3, 0.21179497241973877, 0.8023059368133545], [16.4, 0.2009158879518509, 0.7913368940353394], [16.5, 0.18990632891654968, 0.7801222801208496], [16.6, 0.17889676988124847, 0.7693904042243958], [16.7, 0.1682196855545044, 0.7593700289726257], [16.8, 0.15760871767997742, 0.7593700289726257], [16.9, 0.14702892303466797, 0.7593700289726257], [17.0, 0.13618406653404236, 0.7593700289726257], [17.1, 0.1252378523349762, 0.7593700289726257], [17.2, 0.11402654647827148, 0.7492403984069824], [17.3, 0.1027374118566513, 0.738868772983551], [17.4, 0.09144827723503113, 0.7280628681182861], [17.5, 0.08040472865104675, 0.717257022857666], [17.6, 0.06968934834003448, 0.7064511179924011], [17.7, 0.05919947102665901, 0.6956818699836731], [17.8, 0.04880189523100853, 0.6848393678665161], [17.9, 0.038290683180093765, 0.6739968061447144], [18.0, 0.027463989332318306, 0.6628634929656982], [18.1, 0.016229279339313507, 0.6511287093162537], [18.2, 0.0044977255165576935, 0.6393900513648987], [18.3, 0.0, 0.6286654472351074], [18.4, 0.0, 0.6178746819496155], [18.5, 0.0, 0.6077262163162231], [18.6, 0.0, 0.6077262163162231], [18.7, 0.0, 0.6181498169898987], [18.8, 0.0, 0.6318869590759277], [18.9, 0.0, 0.6477788686752319], [19.0, 0.0, 0.6642050743103027], [19.1, 0.0, 0.6806313395500183], [19.2, 0.0, 0.6971873641014099], [19.3, 0.0, 0.7137433886528015], [19.4, 0.0, 0.7302994132041931], [19.5, 0.0, 0.7468554973602295], [19.6, 0.0, 0.7634089589118958], [19.7, 0.0, 0.7799598574638367], [19.8, 0.0, 0.7963861227035522], [19.9, 0.0, 0.8126850724220276], [20.0, 0.0, 0.8288321495056152], [20.1, 0.0, 0.8449792861938477], [20.2, 0.0, 0.8611264228820801], [20.3, 0.0, 0.8772734999656677], [20.4, 0.0, 0.8934206366539001], [20.5, 0.0, 0.9080141186714172], [20.6, 0.0, 