{"audience": "Patrick Pistor","avg": {"concentration": 0.2645287840710714, "mellowness": 0.11818232271353318}, "data": [[0.0, 0.0, 0.0], [0.1, 0.0, 0.0], [0.2, 0.016699999570846558, 0.0], [0.3, 0.033399999141693115, 0.0], [0.4, 0.05009999871253967, 0.0], [0.5, 0.06679999828338623, 0.0], [0.6, 0.08334536850452423, 0.0], [0.7, 0.09973610937595367, 0.0], [0.8, 0.11612685024738312, 0.010405384935438633], [0.9, 0.13251759111881256, 0.021364759653806686], [1.0, 0.14861011505126953, 0.03258507326245308], [1.1, 0.16410622000694275, 0.04345256835222244], [1.2, 0.17900589108467102, 0.0534968227148056], [1.3, 0.19330328702926636, 0.0534968227148056], [1.4, 0.20730248093605042, 0.0534968227148056], [1.5, 0.22070524096488953, 0.0534968227148056], [1.6, 0.23305581510066986, 0.0534968227148056], [1.7, 0.24405598640441895, 0.0534968227148056], [1.8, 0.24405598640441895, 0.0534968227148056], [1.9, 0.24405598640441895, 0.0534968227148056], [2.0, 0.24405598640441895, 0.0534968227148056], [2.1, 0.24405598640441895, 0.0534968227148056], [2.2, 0.24405598640441895, 0.0534968227148056], [2.3, 0.24405598640441895, 0.0534968227148056], [2.4, 0.23361848294734955, 0.0534968227148056], [2.5, 0.22318099439144135, 0.0534968227148056], [2.6, 0.21274349093437195, 0.0534968227148056], [2.7, 0.20230598747730255, 0.0534968227148056], [2.8, 0.19186848402023315, 0.0534968227148056], [2.9, 0.1769348382949829, 0.03984878584742546], [3.0, 0.16264349222183228, 0.027648648247122765], [3.1, 0.14867329597473145, 0.016505032777786255], [3.2, 0.13475662469863892, 0.00614416878670454], [3.3, 0.12083996087312698, 0.00614416878670454], [3.4, 0.10675957053899765, 0.00614416878670454], [3.5, 0.09251545369625092, 0.00614416878670454], [3.6, 0.07810761034488678, 0.00614416878670454], [3.7, 0.06337231397628784, 0.00614416878670454], [3.8, 0.0484732948243618, 0.00614416878670454], [3.9, 0.03341054916381836, 0.00614416878670454], [4.0, 0.018184078857302666, 0.00614416878670454], [4.1, 0.0029576087836176157, 0.00614416878670454], [4.2, 0.0, 0.00614416878670454], [4.3, 0.0, 0.00614416878670454], [4.4, 0.0, 0.00614416878670454], [4.5, 0.0, 0.00614416878670454], [4.6, 0.0, 0.019681040197610855], [4.7, 0.0, 0.03350172936916351], [4.8, 0.0, 0.04660259187221527], [4.9, 0.0, 0.05869569629430771], [5.0, 0.0, 0.0702129378914833], [5.1, 0.0, 0.08134627342224121], [5.2, 0.0, 0.0923331156373024], [5.3, 0.0, 0.10306882858276367], [5.4, 0.0, 0.11380454152822495], [5.5, 0.0, 0.12439114600419998], [5.6, 0.0, 0.13497775793075562], [5.7, 0.010245941579341888, 0.14560502767562866], [5.8, 0.021326882764697075, 0.1562322974205017], [5.9, 0.03240782395005226, 0.16685956716537476], [6.0, 0.0434887632727623, 0.177486851811409], [6.1, 0.054569706320762634, 0.18811412155628204], [6.2, 0.06565064936876297, 0.1987413913011551], [6.3, 0.07790058851242065, 0.20936866104602814], [6.4, 0.09031753242015839, 0.21999593079090118], [6.5, 0.10273446887731552, 0.23062321543693542], [6.6, 0.1149844154715538, 0.24125048518180847], [6.7, 0.1272343546152115, 0.2518777549266815], [6.8, 0.13948430120944977, 0.26250502467155457], [6.9, 0.15173423290252686, 0.2731322944164276], [7.0, 0.1641511768102646, 0.28375956416130066], [7.1, 0.17656812071800232, 0.2943868339061737], [7.2, 0.1891520619392395, 0.30501413345336914], [7.3, 0.20173600316047668, 0.3156414031982422], [7.4, 0.21448694169521332, 0.32626867294311523], [7.5, 0.2274048775434494, 0.3368959426879883], [7.6, 0.24032282829284668, 0.34752321243286133], [7.7, 0.25324076414108276, 0.34752321243286133], [7.8, 0.2663257122039795, 0.34752321243286133], [7.9, 0.2794106602668762, 0.34752321243286133], [8.0, 0.29249557852745056, 0.34752321243286133], [8.1, 0.3055805265903473, 0.34752321243286133], [8.2, 0.318665474653244, 0.34752321243286133], [8.3, 0.33175042271614075, 0.34752321243286133], [8.4, 0.3444809019565582, 0.34752321243286133], [8.5, 0.3568705916404724, 0.34752321243286133], [8.6, 0.3690831661224365, 0.35789918899536133], [8.7, 0.38196706771850586, 0.36817920207977295], [8.8, 0.3952692151069641, 0.3784700632095337], [8.9, 0.40839579701423645, 0.3885210156440735], [9.0, 0.42202845215797424, 0.39866903424263], [9.1, 0.43566110730171204, 0.4088170528411865], [9.2, 0.44929376244544983, 0.41896507143974304], [9.3, 0.4627560079097748, 0.4292677044868469], [9.4, 0.47621825337409973, 0.4292677044868469], [9.5, 0.4896804988384247, 0.4292677044868469], [9.6, 0.5032492280006409, 0.4292677044868469], [9.7, 0.5168179869651794, 0.4292677044868469], [9.8, 0.5302128195762634, 0.4187385141849518], [9.9, 0.5433595776557922, 0.4065083861351013], [10.0, 0.5565063953399658, 0.393252432346344], [10.1, 0.5694755911827087, 0.3792971968650818], [10.2, 0.5820285081863403, 0.3650543689727783], [10.3, 0.5941651463508606, 0.35090866684913635], [10.4, 0.606124222278595, 0.3367629647254944], [10.5, 0.6179055571556091, 0.3223627507686615], [10.6, 0.6297478675842285, 0.30803486704826355], [10.7, 0.6416510343551636, 0.2940096855163574], [10.8, 0.6530212759971619, 0.2810334861278534], [10.9, 0.6638584733009338, 0.268384724855423], [11.0, 0.674162745475769, 0.25573599338531494], [11.1, 0.674162745475769, 0.2429981380701065], [11.2, 0.674162745475769, 0.23009657859802246], [11.3, 0.674162745475769, 0.21719500422477722], [11.4, 0.674162745475769, 0.20452265441417694], [11.5, 0.674162745475769, 0.19185030460357666], [11.6, 0.674162745475769, 0.17967894673347473], [11.7, 0.6845094561576843, 0.16804789006710052], [11.8, 0.6957638263702393, 0.15702588856220245], [11.9, 0.7079257965087891, 0.14633788168430328], [12.0, 0.7201928496360779, 0.1356498897075653], [12.1, 0.7322685718536377, 0.12496189028024673], [12.2, 0.7435337901115417, 0.11422617733478546], [12.3, 0.7540640234947205, 0.10349045693874359], [12.4, 0.7540640234947205, 0.09275474399328232], [12.5, 0.7540640234947205, 0.0818486213684082], [12.6, 0.7540640234947205, 0.07026086747646332], [12.7, 0.7540640234947205, 0.058161888271570206], [12.8, 0.7540640234947205, 0.04555168375372887], [12.9, 0.7540640234947205, 0.032694485038518906], [13.0, 0.7540640234947205, 0.01993110403418541], [13.1, 0.7540640234947205, 0.0072595104575157166], [13.2, 0.7540640234947205, 0.0], [13.3, 0.7540640234947205, 0.0], [13.4, 0.7540640234947205, 0.0], [13.5, 0.7540640234947205, 0.0], [13.6, 0.7540640234947205, 0.0], [13.7, 0.7540640234947205, 0.0], [13.8, 0.7540640234947205, 0.0], [13.9, 0.7540640234947205, 0.0], [14.0, 0.7540640234947205, 0.0], [14.1, 0.7540640234947205, 0.0], [14.2, 0.7540640234947205, 0.0], [14.3, 0.7540640234947205, 0.0], [14.4, 0.7540640234947205, 0.0], [14.5, 0.7540640234947205, 0.010669323615729809], [14.6, 0.7540640234947205, 0.02172047272324562], [14.7, 0.7540640234947205, 0.03296580910682678], [14.8, 0.7540640234947205, 0.044211145490407944], [14.9, 0.7540640234947205, 0.05526229366660118], [15.0, 0.7540640234947205, 0.06666947901248932], [15.1, 0.7540640234947205, 0.07807666808366776], [15.2, 0.7540640234947205, 0.08937679976224899], [15.3, 0.7540640234947205, 0.10067693144083023], [15.4, 0.7540640234947205, 0.1119631975889206], [15.5, 0.7540640234947205, 0.12324946373701096], [15.6, 0.7540640234947205, 0.13513214886188507], [15.7, 0.7434857487678528, 0.14701484143733978], [15.8, 0.7322965264320374, 0.1587904840707779], [15.9, 0.7206999659538269, 0.1698167622089386], [16.0, 0.7088578343391418, 0.1698167622089386], [16.1, 0.6969737410545349, 0.1698167622089386], [16.2, 0.6852095127105713, 0.1698167622089386], [16.3, 0.6735230684280396, 0.1698167622089386], [16.4, 0.6623637676239014, 0.1698167622089386], [16.5, 0.6509588956832886, 0.1698167622089386], [16.6, 0.6395540237426758, 0.1698167622089386], [16.7, 0.6283947229385376, 0.1698167622089386], [16.8, 0.6174810528755188, 0.1698167622089386], [16.9, 0.6065673232078552, 0.1698167622089386], [17.0, 0.5956536531448364, 0.1698167622089386], [17.1, 0.5847399234771729, 0.1698167622089386], [17.2, 0.573826253414154, 0.1698167622089386], [17.3, 0.5629125237464905, 0.1698167622089386], [17.4, 0.5522024631500244, 