{"avg": {"concentration": 0.5606371282985241, "mellowness": 0.21064099414763227}, "data": [[0.0, 1.0, 0.15967972576618195], [0.1, 1.0, 0.1728801131248474], [0.2, 1.0, 0.18534867465496063], [0.3, 1.0, 0.1955321729183197], [0.4, 1.0, 0.185150146484375], [0.5, 1.0, 0.17251808941364288], [0.6, 1.0, 0.15881553292274475], [0.7, 0.9897387623786926, 0.1436142474412918], [0.8, 0.9791021347045898, 0.12691424787044525], [0.9, 0.9682045578956604, 0.1102142408490181], [1.0, 0.9570460319519043, 0.09351424127817154], [1.1, 0.9458875060081482, 0.07681424170732498], [1.2, 0.9347289800643921, 0.060114242136478424], [1.3, 0.9235705137252808, 0.043414242565631866], [1.4, 0.9124119877815247, 0.02671424299478531], [1.5, 0.9012534618377686, 0.010014244355261326], [1.6, 0.8900949358940125, 0.0], [1.7, 0.8789364695549011, 0.0], [1.8, 0.867777943611145, 0.0], [1.9, 0.8566194176673889, 0.0], [2.0, 0.8454608917236328, 0.0], [2.1, 0.8329313397407532, 0.0], [2.2, 0.8200955986976624, 0.0], [2.3, 0.8066006302833557, 0.0], [2.4, 0.7924409508705139, 0.0], [2.5, 0.7777390480041504, 0.0], [2.6, 0.762457013130188, 0.0], [2.7, 0.746702253818512, 0.0], [2.8, 0.730820894241333, 0.0], [2.9, 0.714775800704956, 0.0], [3.0, 0.6985669732093811, 0.0], [3.1, 0.6825349926948547, 0.0], [3.2, 0.6665030121803284, 0.0], [3.3, 0.6501370072364807, 0.0], [3.4, 0.6336039900779724, 0.0], [3.5, 0.6169039607048035, 0.0], [3.6, 0.6002039909362793, 0.0], [3.7, 0.5835039615631104, 0.0], [3.8, 0.5668039917945862, 0.0], [3.9, 0.5501039624214172, 0.0], [4.0, 0.5334039926528931, 0.0], [4.1, 0.5167039632797241, 0.0], [4.2, 0.5001744031906128, 0.0], [4.3, 0.48432642221450806, 0.0], [4.4, 0.4684784710407257, 0.0], [4.5, 0.45263051986694336, 0.0], [4.6, 0.436782568693161, 0.0], [4.7, 0.4209345877170563, 0.0], [4.8, 0.4059741795063019, 0.0], [4.9, 0.3903179168701172, 0.0], [5.0, 0.373965859413147, 0.0], [5.1, 0.3572658598423004, 0.0], [5.2, 0.34056586027145386, 0.010837581939995289], [5.3, 0.3238658607006073, 0.023572148755192757], [5.4, 0.30716586112976074, 0.038345225155353546], [5.5, 0.29063981771469116, 0.053921185433864594], [5.6, 0.2739398181438446, 0.07045745849609375], [5.7, 0.25723981857299805, 0.08715745806694031], [5.8, 0.2405398041009903, 0.10385745763778687], [5.9, 0.22383980453014374, 0.12055746465921402], [6.0, 0.20713980495929718, 0.13725745677947998], [6.1, 0.19067837297916412, 0.15395745635032654], [6.2, 0.17445552349090576, 0.1706574559211731], [6.3, 0.1587098091840744, 0.18735745549201965], [6.4, 0.14360612630844116, 0.2040574550628662], [6.5, 0.12960760295391083, 0.22075745463371277], [6.6, 0.1163458377122879, 0.23745745420455933], [6.7, 0.10369804501533508, 0.2541574537754059], [6.8, 0.09146624058485031, 0.27085745334625244], [6.9, 0.07923444360494614, 0.27085745334625244], [7.0, 0.06688340753316879, 0.27085745334625244], [7.1, 0.05465887859463692, 0.27085745334625244], [7.2, 0.04243434965610504, 0.27085745334625244], [7.3, 0.03038378246128559, 0.27085745334625244], [7.4, 0.018507173284888268, 0.2600783705711365], [7.5, 0.006804521661251783, 0.2482365518808365], [7.6, 0.0, 0.23502837121486664], [7.7, 0.0, 0.22045382857322693], [7.8, 0.0, 0.2048165500164032], [7.9, 0.0, 0.18811655044555664], [8.0, 0.0, 0.17141655087471008], [8.1, 0.0, 0.15471655130386353], [8.2, 0.0, 0.13801655173301697], [8.3, 0.0, 0.12131655216217041], [8.4, 0.0, 0.10461655259132385], [8.5, 0.0, 0.0879165530204773], [8.6, 0.0, 0.07404487580060959], [8.7, 0.0, 0.060896024107933044], [8.8, 0.0, 0.04783415421843529], [8.9, 0.0, 0.03477228060364723], [9.0, 0.0, 0.021710408851504326], [9.1, 0.0, 0.009167414158582687], [9.2, 0.0, 0.0], [9.3, 0.0, 0.0], [9.4, 0.0, 0.0], [9.5, 0.0, 0.0], [9.6, 0.0, 0.0], [9.7, 0.0, 0.0], [9.8, 0.0, 0.0], [9.9, 0.0, 0.0], [10.0, 0.0, 0.0], [10.1, 0.010242218151688576, 0.0], [10.2, 0.021097218617796898, 0.0], [10.3, 0.03195221722126007, 0.0], [10.4, 0.04280721768736839, 0.0], [10.5, 0.05387096852064133, 0.0], [10.6, 0.06500430405139923, 0.0], [10.7, 0.07677993923425674, 0.0], [10.8, 0.08892081677913666, 0.0], [10.9, 0.10130412876605988, 0.0], [11.0, 0.1138385757803917, 0.0], [11.1, 0.1264328509569168, 0.0], [11.2, 0.13924121856689453, 0.0], [11.3, 0.1522855907678604, 0.0], [11.4, 0.1654231995344162, 0.0], [11.5, 0.17878052592277527, 0.0], [11.6, 0.1922013908624649, 0.0], [11.7, 0.20562225580215454, 0.0], [11.8, 0.21939541399478912, 0.0], [11.9, 0.2331998199224472, 0.0], [12.0, 0.24703548848628998, 0.0], [12.1, 0.2611280679702759, 0.0], [12.2, 0.2754775583744049, 0.0], [12.3, 0.2897298336029053, 0.0], [12.4, 0.30393198132514954, 0.0], [12.5, 0.31803062558174133, 0.0], [12.6, 0.331881046295166, 0.0], [12.7, 0.3454994857311249, 0.0], [12.8, 0.3588860034942627, 0.0], [12.9, 0.3719080090522766, 0.0], [13.0, 0.3846980929374695, 0.0], [13.1, 0.3970242738723755, 0.0], [13.2, 0.40898600220680237, 0.0], [13.3, 0.42045068740844727, 0.0], [13.4, 0.43151775002479553, 0.0], [13.5, 0.4420877695083618, 0.0], [13.6, 0.45226019620895386, 0.0], [13.7, 0.45226019620895386, 0.0], [13.8, 0.45226019620895386, 0.0], [13.9, 0.45226019620895386, 0.0], [14.0, 0.45226019620895386, 0.0], [14.1, 0.45226019620895386, 0.0], [14.2, 0.46229085326194763, 0.0], [14.3, 0.47263556718826294, 0.0], [14.4, 0.48298028111457825, 0.0], [14.5, 0.49332502484321594, 0.0], [14.6, 0.5038089156150818, 0.0], [14.7, 0.514521598815918, 0.0], [14.8, 0.5254709720611572, 0.0], [14.9, 0.5367082953453064, 0.0], [15.0, 0.5482335090637207, 0.0], [15.1, 0.5600466728210449, 0.0], [15.2, 0.5722917318344116, 0.0], [15.3, 0.5845726132392883, 0.0], [15.4, 0.5968290567398071, 0.0], [15.5, 0.6087680459022522, 0.0], [15.6, 0.6204957365989685, 0.0], [15.7, 0.6319848299026489, 0.0], [15.8, 0.6436204314231873, 0.0], [15.9, 0.6550174355506897, 0.0], [16.0, 0.666175901889801, 0.0], [16.1, 0.6772422790527344, 0.0], [16.2, 0.6883901953697205, 0.0], [16.3, 0.6996346116065979, 0.0], [16.4, 0.7108790874481201, 0.0], [16.5, 0.7219743728637695, 0.0], [16.6, 0.7327715158462524, 0.0], [16.7, 0.7436201572418213, 0.0], [16.8, 0.7549053430557251, 0.0], [16.9, 0.7663928866386414, 0.0], [17.0, 0.7777286767959595, 0.0], [17.1, 0.7889125943183899, 0.0], [17.2, 0.800059974193573, 0.0], [17.3, 0.8110527396202087, 0.0], [17.4, 0.8110527396202087, 0.0], [17.5, 0.8110527396202087, 0.0], [17.6, 0.8006784915924072, 0.0], [17.7, 0.7897419929504395, 0.0], [17.8, 0.7787729501724243, 0.0], [17.9, 0.7681711316108704, 0.0], [18.0, 0.7681711316108704, 0.0], [18.1, 0.7681711316108704, 0.0], [18.2, 0.7681711316108704, 0.0], [18.3, 0.7681711316108704, 0.011222713626921177], [18.4, 0.7681711316108704, 0.023516422137618065], [18.5, 0.7681711316108704, 0.03547613322734833], [18.6, 0.7681711316108704, 0.04699050635099411], [18.7, 0.7681711316108704, 0.05805955082178116], [18.8, 0.7681711316108704, 0.0687883198261261], [18.9, 0.7681711316108704, 0.07948248833417892], [19.0, 0.7681711316108704, 0.09017664939165115], [19.1, 0.7786585688591003, 0.10087081789970398], [19.2, 0.7889884114265442, 0.11263773590326309], [19.3, 0.7889884114265442, 0.12459646165370941], [19.4, 0.7889884114265442, 0.13639949262142181], [19.5, 0.7889884114265442, 0.14817894995212555], [19.6, 0.7889884114265442, 0.15972647070884705], [19.7, 0.7779514193534851, 0.17115803062915802], [19.8, 0.7655120491981506, 0.1825895756483078], [19.9, 0.7527087330818176, 0.1825895756483078], [20.0, 0.740462064743042, 0.1825895756483078], [20.1, 0.7285264730453491, 0.1825895756483078], [20.2, 0.7173243165016174, 0.1825895756483078], [20.3, 0.7066980600357056, 0.1825895756483078], [20.4, 0.6965172290802002, 0.1825895756483078], [20.5, 0.6965172290802002, 0.1825895756483078], [20.6, 0.6965172290802002, 0.19268891215324402], [20.7, 0.6965172290802002, 0.19268891215324402], [20.8, 0.6965172290802002, 0.19268891215324402], [20.9, 0.6965172290802002, 0.19268891215324402], [21.0, 0.6965172290802002, 0.18122324347496033], [21.1, 0.7069424986839294, 0.17064493894577026], [21.2, 0.7178404331207275, 0.17064493894577026], [21.3, 0.7293413877487183, 0.17064493894577026], 